City_ID,City,Country,Lat,Lng,Max Temp,Humidity,Cloudiness,Wind Speed,Current Description,Date
0,Saint-Gaudens,FR,43.0833,0.6667,56.01,94,100,2.62,overcast clouds,2022-06-28 03:50:01
1,Nang Rong,TH,14.6377,102.7914,91.29,50,32,7.67,scattered clouds,2022-06-28 03:50:02
2,Busselton,AU,-33.65,115.3333,59.58,55,87,8.28,overcast clouds,2022-06-28 03:50:03
3,High Level,CA,58.5169,-117.136,64.51,48,20,6.91,few clouds,2022-06-28 03:45:03
4,Robat Karim,IR,35.4846,51.0829,89.46,23,0,13.8,clear sky,2022-06-28 03:50:04
5,Kabakovo,RU,54.5369,56.1517,53.89,71,75,15.66,broken clouds,2022-06-28 03:50:04
6,Lompoc,US,34.6391,-120.4579,71.78,91,0,10.36,mist,2022-06-28 03:45:55
7,Leningradskiy,RU,69.3833,178.4167,44.65,67,28,14.25,scattered clouds,2022-06-28 03:50:05
8,Narsaq,GL,60.9167,-46.05,45.64,72,100,2.46,overcast clouds,2022-06-28 03:50:06
9,Arraial Do Cabo,BR,-22.9661,-42.0278,66.47,72,13,16.28,few clouds,2022-06-28 03:48:44
10,Ayagoz,KZ,47.9714,80.4392,71.44,31,3,9.46,clear sky,2022-06-28 03:50:07
11,Severo-Kurilsk,RU,50.6789,156.125,46.35,97,100,13.62,light rain,2022-06-28 03:50:07
12,Grand Gaube,MU,-20.0064,57.6608,70.2,71,73,1.99,broken clouds,2022-06-28 03:50:08
13,Eagle Pass,US,28.7091,-100.4995,88.65,68,60,17.09,broken clouds,2022-06-28 03:47:59
14,Mataura,NZ,-46.1927,168.8643,46.47,80,32,1.9,scattered clouds,2022-06-28 03:50:08
15,Hilo,US,19.7297,-155.09,80.33,69,20,6.91,few clouds,2022-06-28 03:48:05
16,Aginskoye,RU,51.1,114.53,85.66,30,4,4.52,clear sky,2022-06-28 03:50:09
17,Avarua,CK,-21.2078,-159.775,75.25,94,75,18.41,light rain,2022-06-28 03:50:09
18,Saldanha,ZA,-33.0117,17.9442,50.05,56,0,9.66,clear sky,2022-06-28 03:50:10
19,Butaritari,KI,3.0707,172.7902,82.04,78,89,11.07,light rain,2022-06-28 03:50:10
20,Mana,GF,5.6592,-53.7767,75.31,93,100,7.27,overcast clouds,2022-06-28 03:50:11
21,Hithadhoo,MV,-0.6,73.0833,83.35,71,77,7.18,broken clouds,2022-06-28 03:45:14
22,Puerto Ayora,EC,-0.7393,-90.3518,69.55,96,55,4.0,broken clouds,2022-06-28 03:50:11
23,Mehamn,NO,71.0357,27.8492,66.15,59,27,19.57,scattered clouds,2022-06-28 03:50:12
24,Krasnoselkup,RU,65.7,82.4667,60.85,76,98,13.06,overcast clouds,2022-06-28 03:50:12
25,Port Lincoln,AU,-34.7333,135.8667,60.39,55,1,16.2,clear sky,2022-06-28 03:50:12
26,Kloulklubed,PW,7.0419,134.2556,81.46,77,100,9.26,overcast clouds,2022-06-28 03:50:13
27,Kapaa,US,22.0752,-159.319,84.18,77,40,13.8,scattered clouds,2022-06-28 03:50:13
28,Bredasdorp,ZA,-34.5322,20.0403,54.0,60,0,5.77,clear sky,2022-06-28 03:50:13
29,Tavira,PT,37.1273,-7.6486,66.07,63,0,8.01,clear sky,2022-06-28 03:50:14
30,San Cristobal,VE,7.7669,-72.225,66.38,96,45,1.36,scattered clouds,2022-06-28 03:50:14
31,Geraldton,AU,-28.7667,114.6,64.81,72,0,13.8,clear sky,2022-06-28 03:50:15
32,Nabire,ID,-3.3667,135.4833,83.93,70,75,5.14,broken clouds,2022-06-28 03:50:15
33,Ribeira Grande,PT,38.5167,-28.7,64.74,83,68,8.46,broken clouds,2022-06-28 03:50:15
34,Cape Town,ZA,-33.9258,18.4232,57.38,64,0,3.44,clear sky,2022-06-28 03:49:48
35,Punta Arenas,CL,-53.15,-70.9167,32.11,80,0,6.91,clear sky,2022-06-28 03:47:24
36,Carnarvon,AU,-24.8667,113.6333,72.55,31,0,15.57,clear sky,2022-06-28 03:50:16
37,Ilulissat,GL,69.2167,-51.1,36.05,76,7,3.36,clear sky,2022-06-28 03:50:16
38,Pouebo,NC,-20.4,164.5667,75.76,78,100,3.04,moderate rain,2022-06-28 03:50:16
39,Berlevag,NO,70.8578,29.0864,66.2,52,21,11.5,few clouds,2022-06-28 03:50:17
40,Doka,SD,13.5167,35.7667,72.61,79,100,9.69,overcast clouds,2022-06-28 03:50:17
41,Kaitangata,NZ,-46.2817,169.8464,44.44,82,62,3.11,broken clouds,2022-06-28 03:50:18
42,Chokurdakh,RU,70.6333,147.9167,51.53,51,100,5.73,overcast clouds,2022-06-28 03:50:18
43,Hobart,AU,-42.8794,147.3294,58.26,68,75,6.91,light rain,2022-06-28 03:45:28
44,Puerto Escondido,MX,15.85,-97.0667,79.83,82,51,3.74,broken clouds,2022-06-28 03:50:19
45,Lavrentiya,RU,65.5833,-171.0,44.29,93,100,11.32,overcast clouds,2022-06-28 03:50:19
46,Riyadh,SA,24.6877,46.7219,80.74,14,45,7.16,scattered clouds,2022-06-28 03:50:19
47,Arman,RU,59.7,150.1667,66.02,78,39,8.14,scattered clouds,2022-06-28 03:50:20
48,Tasiilaq,GL,65.6145,-37.6368,30.85,73,52,4.34,broken clouds,2022-06-28 03:50:20
49,Sidi Ali,DZ,36.0998,0.4206,65.86,63,0,3.49,clear sky,2022-06-28 03:50:21
50,Cidreira,BR,-30.1811,-50.2056,60.28,90,100,3.22,overcast clouds,2022-06-28 03:50:21
51,Itoman,JP,26.1247,127.6694,88.18,73,75,21.85,broken clouds,2022-06-28 03:50:21
52,Atuona,PF,-9.8,-139.0333,77.67,79,19,18.14,light rain,2022-06-28 03:50:22
53,Hami,CN,42.8,93.45,97.81,12,98,3.78,overcast clouds,2022-06-28 03:50:22
54,East London,ZA,-33.0153,27.9116,56.07,42,0,5.86,clear sky,2022-06-28 03:50:22
55,Hasaki,JP,35.7333,140.8333,99.28,75,87,9.48,overcast clouds,2022-06-28 03:50:23
56,Bengkulu,ID,-3.8004,102.2655,83.82,67,65,6.04,broken clouds,2022-06-28 03:50:23
57,Baramati,IN,18.15,74.5833,76.8,74,100,10.78,overcast clouds,2022-06-28 03:50:24
58,Calama,CL,-22.4667,-68.9333,50.49,46,40,17.27,scattered clouds,2022-06-28 03:50:24
59,Upernavik,GL,72.7868,-56.1549,36.63,86,6,3.8,clear sky,2022-06-28 03:50:24
60,Ushuaia,AR,-54.8,-68.3,44.26,49,40,13.8,scattered clouds,2022-06-28 03:49:57
61,Makakilo City,US,21.3469,-158.0858,82.72,54,75,21.85,broken clouds,2022-06-28 03:50:25
62,Rikitea,PF,-23.1203,-134.9692,73.56,73,15,8.25,few clouds,2022-06-28 03:50:25
63,Buchanan,LR,5.8808,-10.0467,75.67,90,93,4.34,moderate rain,2022-06-28 03:50:26
64,Olafsvik,IS,64.8945,-23.7142,46.45,86,100,14.47,overcast clouds,2022-06-28 03:50:26
65,Hermanus,ZA,-34.4187,19.2345,59.76,60,0,8.19,clear sky,2022-06-28 03:50:26
66,Codrington,AU,-38.2667,141.9667,55.4,56,100,13.62,overcast clouds,2022-06-28 03:50:27
67,Wau,SS,7.7029,27.9953,69.67,93,84,2.89,broken clouds,2022-06-28 03:50:27
68,Dikson,RU,73.5069,80.5464,32.0,87,100,16.2,overcast clouds,2022-06-28 03:50:27
69,Provideniya,RU,64.3833,-173.3,42.91,100,100,8.99,fog,2022-06-28 03:50:28
70,Bluff,NZ,-46.6,168.3333,46.8,67,1,7.05,clear sky,2022-06-28 03:50:28
71,Sitka,US,57.0531,-135.33,62.49,72,0,13.8,clear sky,2022-06-28 03:50:28
72,Biak,ID,-0.9131,122.8766,79.23,82,94,9.01,overcast clouds,2022-06-28 03:50:29
73,Dwarka,IN,22.2394,68.9678,85.46,74,85,15.68,overcast clouds,2022-06-28 03:50:29
74,Barrow,US,71.2906,-156.7887,51.82,76,100,9.22,overcast clouds,2022-06-28 03:50:29
75,Nyurba,RU,63.2842,118.3319,56.8,60,100,2.48,overcast clouds,2022-06-28 03:50:30
76,Belaya Gora,RU,68.5333,146.4167,43.02,86,100,6.64,light rain,2022-06-28 03:50:30
77,Sinnamary,GF,5.3833,-52.95,75.51,92,100,8.66,overcast clouds,2022-06-28 03:50:30
78,Tuatapere,NZ,-46.1333,167.6833,43.84,71,2,1.59,clear sky,2022-06-28 03:50:31
79,Coxim,BR,-18.5067,-54.76,66.06,51,6,3.02,clear sky,2022-06-28 03:47:50
80,Muli,MV,2.9167,73.5667,82.65,74,100,9.93,overcast clouds,2022-06-28 03:50:31
81,Mahebourg,MU,-20.4081,57.7,70.09,60,40,17.27,scattered clouds,2022-06-28 03:50:31
82,Albany,US,42.6001,-73.9662,63.01,77,1,6.42,clear sky,2022-06-28 03:46:54
83,Jamestown,US,42.097,-79.2353,62.19,67,100,4.61,overcast clouds,2022-06-28 03:50:32
84,Fare,PF,-16.7,-151.0167,80.33,69,0,18.43,clear sky,2022-06-28 03:50:32
85,Tartagal,AR,-22.5164,-63.8013,52.74,92,4,3.27,clear sky,2022-06-28 03:50:33
86,Tiksi,RU,71.6872,128.8694,36.59,81,97,5.59,overcast clouds,2022-06-28 03:50:33
87,Novo Aripuana,BR,-5.1206,-60.3797,74.64,66,85,1.79,overcast clouds,2022-06-28 03:50:33
88,Vestmanna,FO,62.1564,-7.1664,49.12,100,75,17.27,broken clouds,2022-06-28 03:50:34
89,Limanowa,PL,49.7059,20.422,67.3,88,20,3.49,few clouds,2022-06-28 03:50:34
90,Khatanga,RU,71.9667,102.5,54.48,39,7,5.26,clear sky,2022-06-28 03:50:34
91,Cherskiy,RU,68.75,161.3,46.67,75,100,4.03,light rain,2022-06-28 03:50:35
92,Mount Gambier,AU,-37.8333,140.7667,55.26,52,98,9.84,overcast clouds,2022-06-28 03:50:35
93,Menongue,AO,-14.6585,17.691,45.01,72,0,5.35,clear sky,2022-06-28 03:50:35
94,Gornyy,RU,55.1153,83.9059,57.87,80,94,16.87,light rain,2022-06-28 03:50:36
95,Qaanaaq,GL,77.484,-69.3632,42.01,72,17,2.62,few clouds,2022-06-28 03:50:36
96,Marsa Matruh,EG,31.3525,27.2453,77.2,73,0,10.36,clear sky,2022-06-28 03:50:36
97,Ligayan,PH,4.6533,119.4706,84.97,69,27,7.87,scattered clouds,2022-06-28 03:50:37
98,Acapulco,MX,16.8634,-99.8901,80.42,83,100,9.22,overcast clouds,2022-06-28 03:48:12
99,Telsiai,LT,55.9814,22.2472,69.13,84,11,6.78,few clouds,2022-06-28 03:50:37
100,Lincoln,US,40.8,-96.667,70.34,63,75,5.75,broken clouds,2022-06-28 03:46:12
101,Kem,RU,64.9555,34.5793,47.25,74,0,9.24,clear sky,2022-06-28 03:50:38
102,Pevek,RU,69.7008,170.3133,42.4,62,99,3.87,overcast clouds,2022-06-28 03:50:38
103,Hervey Bay,AU,-25.2986,152.8535,64.76,66,87,21.79,overcast clouds,2022-06-28 03:50:38
104,Mar Del Plata,AR,-38.0023,-57.5575,48.09,70,0,5.75,clear sky,2022-06-28 03:50:39
105,Castro,BR,-24.7911,-50.0119,49.41,95,44,2.37,scattered clouds,2022-06-28 03:50:39
106,Saint George,US,37.1041,-113.5841,99.19,13,0,3.44,clear sky,2022-06-28 03:50:28
107,Port Alfred,ZA,-33.5906,26.891,58.41,51,0,8.34,clear sky,2022-06-28 03:50:39
108,Moses Lake,US,47.1301,-119.2781,93.56,20,0,10.36,clear sky,2022-06-28 03:50:40
109,Norman Wells,CA,65.282,-126.8329,77.04,29,75,9.22,broken clouds,2022-06-28 03:50:40
110,Trairi,BR,-3.2778,-39.2689,75.74,88,4,11.34,clear sky,2022-06-28 03:46:47
111,Ust-Kuyga,RU,70.0167,135.6,52.14,41,100,12.21,overcast clouds,2022-06-28 03:50:41
112,Portobelo,PA,9.55,-79.65,74.95,93,100,10.11,overcast clouds,2022-06-28 03:50:41
113,Palmer,US,42.1584,-72.3287,67.55,78,40,8.05,scattered clouds,2022-06-28 03:50:41
114,Chapada Dos Guimaraes,BR,-15.4606,-55.7497,60.46,39,0,4.65,clear sky,2022-06-28 03:50:42
115,Normandin,CA,48.8333,-72.5321,55.71,87,5,5.75,clear sky,2022-06-28 03:50:42
116,Brae,GB,60.3964,-1.353,53.76,92,34,14.83,scattered clouds,2022-06-28 03:50:42
117,Aranos,NA,-24.1333,19.1167,47.75,71,8,11.16,clear sky,2022-06-28 03:50:43
118,Ishigaki,JP,24.3448,124.1572,87.93,79,75,8.05,broken clouds,2022-06-28 03:47:09
119,Tuktoyaktuk,CA,69.4541,-133.0374,59.0,58,100,9.22,overcast clouds,2022-06-28 03:50:43
120,Moranbah,AU,-22.0016,148.0466,68.14,30,51,17.16,broken clouds,2022-06-28 03:50:43
121,Nome,US,64.5011,-165.4064,50.16,93,100,8.05,overcast clouds,2022-06-28 03:50:44
122,Ereymentau,KZ,51.6199,73.1033,60.76,55,15,10.02,few clouds,2022-06-28 03:50:44
123,Fortuna,US,40.5982,-124.1573,57.92,85,22,4.0,few clouds,2022-06-28 03:50:44
124,Cheyenne,US,41.14,-104.8203,64.54,53,0,17.27,clear sky,2022-06-28 03:50:16
125,Kenai,US,60.5544,-151.2583,66.02,74,0,12.66,clear sky,2022-06-28 03:50:45
126,Traverse City,US,44.7631,-85.6206,53.67,84,0,0.0,clear sky,2022-06-28 03:50:45
127,Araouane,ML,18.9048,-3.5265,92.17,30,6,10.0,clear sky,2022-06-28 03:50:45
128,Ladario,BR,-19.0047,-57.6017,65.01,68,5,2.48,clear sky,2022-06-28 03:50:46
129,Pangnirtung,CA,66.1451,-65.7125,38.88,96,100,0.78,overcast clouds,2022-06-28 03:50:46
130,Victoria,HK,22.2855,114.1577,90.97,71,98,8.01,overcast clouds,2022-06-28 03:48:05
131,Touros,BR,-5.1989,-35.4608,73.02,88,19,14.45,few clouds,2022-06-28 03:47:18
132,Klaksvik,FO,62.2266,-6.589,50.92,90,95,17.65,overcast clouds,2022-06-28 03:50:47
133,Paita,PE,-5.0892,-81.1144,62.85,86,0,10.45,clear sky,2022-06-28 03:50:47
134,Buin,CL,-33.7333,-70.75,52.05,84,69,1.07,broken clouds,2022-06-28 03:50:48
135,Rio Grande,BR,-32.035,-52.0986,54.95,98,100,4.05,moderate rain,2022-06-28 03:50:48
136,Zaraza,VE,9.3503,-65.3245,72.23,99,100,2.24,overcast clouds,2022-06-28 03:50:48
137,Deputatskiy,RU,69.3,139.9,33.8,100,100,1.9,light snow,2022-06-28 03:50:49
138,Kijang,KR,35.2442,129.2139,80.33,90,100,19.46,overcast clouds,2022-06-28 03:50:49
139,Kodiak,US,57.79,-152.4072,62.11,63,0,3.44,clear sky,2022-06-28 03:50:50
140,Galatas,GR,37.4962,23.4489,72.88,63,0,7.67,clear sky,2022-06-28 03:50:50
141,Egvekinot,RU,66.3167,-179.1667,37.31,99,100,5.17,light rain,2022-06-28 03:50:51
142,New Norfolk,AU,-42.7826,147.0587,58.91,76,100,5.99,moderate rain,2022-06-28 03:50:51
143,Guhagar,IN,17.4842,73.1929,82.31,80,100,10.2,light rain,2022-06-28 03:50:51
144,Saint-Philippe,RE,-21.3585,55.7679,65.79,74,80,16.02,broken clouds,2022-06-28 03:50:52
145,Baft,IR,29.234,56.6057,82.47,16,4,3.94,clear sky,2022-06-28 03:50:52
146,Ushibuka,JP,32.1906,130.0228,80.46,80,54,17.83,broken clouds,2022-06-28 03:50:52
147,Kindu,CD,-2.95,25.95,68.05,62,77,2.44,broken clouds,2022-06-28 03:50:53
148,Skibbereen,IE,51.55,-9.2667,56.1,95,100,21.21,overcast clouds,2022-06-28 03:50:53
149,Letlhakane,BW,-21.4167,25.5833,49.48,84,72,14.72,broken clouds,2022-06-28 03:50:53
150,Grogol,ID,-7.6011,110.8186,82.89,60,81,12.37,broken clouds,2022-06-28 03:50:54
151,Vaini,TO,-21.2,-175.2,78.96,69,20,10.36,few clouds,2022-06-28 03:50:54
152,Faanui,PF,-16.4833,-151.75,80.42,66,0,19.75,clear sky,2022-06-28 03:50:54
153,Aksu,CN,41.1231,80.2644,90.88,18,42,3.29,scattered clouds,2022-06-28 03:50:55
154,Dingle,PH,10.9995,122.6711,84.65,75,100,12.06,heavy intensity rain,2022-06-28 03:50:55
155,Lewistown,US,40.5992,-77.5714,65.14,72,2,2.95,clear sky,2022-06-28 03:50:55
156,Hamilton,US,39.1834,-84.5333,66.83,62,0,0.0,clear sky,2022-06-28 03:48:17
157,Kayerkan,RU,69.3497,87.7602,62.53,51,33,8.34,scattered clouds,2022-06-28 03:50:56
158,Cukai,MY,4.25,103.4167,87.75,62,88,4.41,overcast clouds,2022-06-28 03:50:56
159,Tres Arroyos,AR,-38.3739,-60.2798,44.28,63,76,8.34,broken clouds,2022-06-28 03:50:57
160,Corumba,BR,-19.0092,-57.6533,64.6,68,5,2.8,clear sky,2022-06-28 03:50:57
161,Harrison,US,30.4091,-89.0436,80.67,82,20,5.75,few clouds,2022-06-28 03:49:45
162,Aysha,RU,55.8704,48.6319,54.43,69,7,9.13,clear sky,2022-06-28 03:50:58
163,Sisimiut,GL,66.9395,-53.6735,39.87,92,76,1.61,broken clouds,2022-06-28 03:50:58
164,Bambanglipuro,ID,-7.95,110.2833,82.51,57,90,12.35,overcast clouds,2022-06-28 03:50:58
165,Souillac,MU,-20.5167,57.5167,70.18,60,40,17.27,scattered clouds,2022-06-28 03:50:59
166,Ryotsu,JP,38.0833,138.4333,77.49,75,100,6.29,overcast clouds,2022-06-28 03:50:59
167,Khoy,IR,38.5504,44.9535,72.82,44,0,1.34,clear sky,2022-06-28 03:50:59
168,Rudbar,AF,30.15,62.6,97.25,11,0,7.29,clear sky,2022-06-28 03:51:00
169,Armidale,AU,-30.5167,151.65,48.74,58,77,11.52,broken clouds,2022-06-28 03:51:00
170,San Quintin,MX,30.4833,-115.95,70.99,77,5,5.39,clear sky,2022-06-28 03:51:00
171,Blyth,GB,55.1271,-1.5086,54.27,73,0,4.61,clear sky,2022-06-28 03:51:01
172,Nikolskoye,RU,59.7035,30.7861,67.91,64,93,6.31,overcast clouds,2022-06-28 03:51:01
173,Mustla,EE,58.2343,25.8584,69.82,79,82,1.43,broken clouds,2022-06-28 03:51:01
174,Klyuchi,RU,52.2667,79.1667,65.1,48,21,9.86,few clouds,2022-06-28 03:51:02
175,Pisco,PE,-13.7,-76.2167,61.02,88,33,3.44,mist,2022-06-28 03:51:02
176,Tual,ID,-5.6667,132.75,81.12,78,57,8.08,broken clouds,2022-06-28 03:51:03
177,Wajid,SO,3.8093,43.2471,70.48,83,97,18.16,overcast clouds,2022-06-28 03:51:03
178,Salinopolis,BR,-0.6136,-47.3561,78.82,86,97,9.73,heavy intensity rain,2022-06-28 03:51:04
179,Peace River,CA,56.2501,-117.286,64.71,51,20,0.0,few clouds,2022-06-28 03:51:04
180,Waipawa,NZ,-41.4122,175.5153,47.14,93,98,5.95,overcast clouds,2022-06-28 03:51:04
181,Quelimane,MZ,-17.8786,36.8883,64.38,91,44,6.38,light rain,2022-06-28 03:51:05
182,Ko Samui,TH,9.5357,99.9357,85.91,74,20,5.75,few clouds,2022-06-28 03:51:05
183,Pundaguitan,PH,6.3711,126.1689,83.25,73,96,4.54,overcast clouds,2022-06-28 03:51:05
184,Bayji,IQ,34.9311,43.487,86.23,19,0,9.33,clear sky,2022-06-28 03:51:06
185,Namatanai,PG,-3.6667,152.4333,85.19,62,74,6.06,broken clouds,2022-06-28 03:51:06
186,San Martin,AR,-33.081,-68.4681,41.54,59,42,0.87,scattered clouds,2022-06-28 03:51:06
187,Srednekolymsk,RU,67.45,153.6833,65.84,39,100,9.55,overcast clouds,2022-06-28 03:51:07
188,Presidencia Roque Saenz Pena,AR,-26.7852,-60.4388,61.05,93,99,7.58,overcast clouds,2022-06-28 03:51:07
189,Auki,SB,-8.7676,160.7034,78.89,86,98,2.73,overcast clouds,2022-06-28 03:51:08
190,Port Elizabeth,ZA,-33.918,25.5701,44.89,93,0,3.44,clear sky,2022-06-28 03:51:08
191,Podor,MR,16.6527,-14.9587,80.55,69,0,4.61,clear sky,2022-06-28 03:51:08
192,Hyderabad,IN,17.3753,78.4744,78.31,88,75,13.8,broken clouds,2022-06-28 03:50:05
193,Cabo San Lucas,MX,22.8909,-109.9124,84.61,77,45,8.01,scattered clouds,2022-06-28 03:51:09
194,Vila Velha,BR,-20.3297,-40.2925,64.94,87,75,4.61,broken clouds,2022-06-28 03:51:09
195,Mgandu,TZ,-5.95,34.1333,52.57,80,20,8.93,few clouds,2022-06-28 03:51:09
196,Yagodnoye,RU,62.55,149.6667,82.08,33,6,20.4,clear sky,2022-06-28 03:51:10
197,Kiama,AU,-34.6833,150.8667,62.58,60,73,3.0,broken clouds,2022-06-28 03:51:10
198,Batemans Bay,AU,-35.7167,150.1833,54.1,42,40,3.2,scattered clouds,2022-06-28 03:51:11
199,Padang,ID,-0.9492,100.3543,73.45,82,100,2.01,light rain,2022-06-28 03:51:11
200,Santa Clara,CU,22.4,-79.9667,71.42,93,98,3.13,overcast clouds,2022-06-28 03:51:11
201,Hit,IQ,33.6416,42.8251,86.52,21,0,7.31,clear sky,2022-06-28 03:51:12
202,Moroni,KM,-11.7022,43.2551,77.0,65,20,28.77,light rain,2022-06-28 03:51:12
203,Meulaboh,ID,4.1363,96.1285,78.96,84,99,2.39,overcast clouds,2022-06-28 03:51:12
204,Sistranda,NO,63.7256,8.834,55.36,98,100,9.04,light rain,2022-06-28 03:51:13
205,Bonfim,BR,3.0833,-59.95,71.01,97,99,2.35,overcast clouds,2022-06-28 03:51:13
206,Burnie,AU,-41.0667,145.9167,55.92,91,100,13.76,overcast clouds,2022-06-28 03:51:13
207,Saskylakh,RU,71.9167,114.0833,46.92,51,93,6.89,overcast clouds,2022-06-28 03:51:14
208,Kununurra,AU,-15.7667,128.7333,78.78,38,52,13.8,broken clouds,2022-06-28 03:50:36
209,Bose,IT,45.4612,8.0137,71.19,83,99,4.72,overcast clouds,2022-06-28 03:51:14
210,Ixtapa,MX,20.7,-105.2,77.9,92,66,0.56,broken clouds,2022-06-28 03:51:15
211,Ayan,RU,56.45,138.1667,53.96,84,42,3.91,scattered clouds,2022-06-28 03:51:15
212,Alta Floresta,BR,-9.8756,-56.0861,65.77,49,0,2.35,clear sky,2022-06-28 03:48:48
213,Thompson,CA,55.7435,-97.8558,48.36,81,20,5.75,few clouds,2022-06-28 03:51:16
214,Cap-Haitien,HT,19.7578,-72.2042,79.75,78,100,1.9,overcast clouds,2022-06-28 03:51:16
215,Vysokogornyy,RU,50.1167,139.15,79.63,35,65,0.85,broken clouds,2022-06-28 03:51:17
216,Supaul,IN,26.1167,86.6,79.09,92,100,7.27,light rain,2022-06-28 03:51:17
217,Aklavik,CA,68.2191,-135.0107,70.3,47,100,1.5,overcast clouds,2022-06-28 03:51:17
218,Sieradz,PL,51.5958,18.7302,70.5,80,91,6.31,overcast clouds,2022-06-28 03:51:18
219,Namibe,AO,-15.1961,12.1522,67.12,59,0,3.67,clear sky,2022-06-28 03:51:18
220,Ambulu,ID,-8.345,113.6058,82.69,58,63,8.81,broken clouds,2022-06-28 03:51:19
221,Portland,US,45.5234,-122.6762,87.73,27,20,12.66,few clouds,2022-06-28 03:50:16
222,Salalah,OM,17.0151,54.0924,81.54,86,100,6.87,overcast clouds,2022-06-28 03:51:19
223,Gizo,SB,-8.103,156.8419,81.12,74,91,1.05,moderate rain,2022-06-28 03:51:20
224,Half Moon Bay,US,37.4636,-122.4286,71.8,85,100,16.11,mist,2022-06-28 03:47:50
225,Porbandar,IN,21.6422,69.6093,85.98,74,40,9.22,scattered clouds,2022-06-28 03:51:20
226,Oum Hadjer,TD,13.2954,19.6966,81.48,59,98,13.82,overcast clouds,2022-06-28 03:51:20
227,Shingu,JP,33.7333,135.9833,88.36,53,11,11.86,few clouds,2022-06-28 03:51:21
228,Airai,TL,-8.9266,125.4092,67.69,68,75,5.66,broken clouds,2022-06-28 03:51:21
229,Nanakuli,US,21.3906,-158.1547,84.15,50,75,16.11,broken clouds,2022-06-28 03:51:22
230,Yangambi,CD,0.8102,24.4336,70.63,94,100,1.52,overcast clouds,2022-06-28 03:51:22
231,Amazar,RU,53.858,120.875,85.51,37,68,1.39,broken clouds,2022-06-28 03:51:23
232,Kenora,CA,49.8167,-94.4337,65.37,68,75,9.22,thunderstorm,2022-06-28 03:51:23
233,Tyukhtet,RU,56.5389,89.3011,63.39,67,50,17.31,light rain,2022-06-28 03:51:23
234,Uitenhage,ZA,-33.7576,25.3971,44.19,44,2,7.7,clear sky,2022-06-28 03:51:24
235,Orange Cove,US,36.6244,-119.3137,98.26,10,2,7.07,clear sky,2022-06-28 03:51:24
236,Xining,CN,36.6167,101.7667,74.8,39,1,4.45,clear sky,2022-06-28 03:51:24
237,Marzuq,YE,14.4,46.4667,83.32,45,85,3.11,overcast clouds,2022-06-28 03:51:25
238,Eureka,US,40.8021,-124.1637,58.19,84,27,1.01,scattered clouds,2022-06-28 03:51:25
239,Luderitz,NA,-26.6481,15.1594,69.22,39,0,23.94,clear sky,2022-06-28 03:51:26
240,Great Yarmouth,GB,52.6083,1.7305,49.95,81,10,8.97,clear sky,2022-06-28 03:51:26
241,San Patricio,US,28.017,-97.5169,82.26,85,88,5.88,overcast clouds,2022-06-28 03:51:26
242,Gheorgheni,RO,46.7167,25.6167,59.79,90,98,3.65,overcast clouds,2022-06-28 03:51:27
243,Teguise,ES,29.0605,-13.564,64.62,73,75,14.97,broken clouds,2022-06-28 03:51:27
244,Torbay,CA,47.6666,-52.7314,63.37,92,100,19.57,mist,2022-06-28 03:51:27
245,Nanortalik,GL,60.1432,-45.2371,43.99,78,100,14.23,light rain,2022-06-28 03:51:28
246,Storslett,NO,69.7678,21.0247,71.6,68,11,12.66,few clouds,2022-06-28 03:51:28
247,Georgetown,MY,5.4112,100.3354,87.75,75,20,9.22,few clouds,2022-06-28 03:49:44
248,Bull Savanna,JM,17.8868,-77.5902,75.36,84,83,5.77,broken clouds,2022-06-28 03:51:28
249,Vila Franca Do Campo,PT,37.7167,-25.4333,67.19,89,12,4.99,few clouds,2022-06-28 03:51:29
250,Severo-Yeniseyskiy,RU,60.3725,93.0408,60.64,92,100,11.65,light rain,2022-06-28 03:51:29
251,Bayir,TR,37.2687,28.2167,70.32,58,1,5.59,clear sky,2022-06-28 03:51:29
252,Nadlac,RO,46.1667,20.75,72.18,57,29,4.14,scattered clouds,2022-06-28 03:51:30
253,Port Augusta,AU,-32.5,137.7667,61.02,33,0,10.33,clear sky,2022-06-28 03:51:30
254,Haines Junction,CA,60.7522,-137.5108,74.25,39,100,1.74,overcast clouds,2022-06-28 03:51:30
255,The Valley,AI,18.217,-63.0578,82.26,77,76,18.99,broken clouds,2022-06-28 03:51:31
256,Maketu,NZ,-37.7667,176.45,57.24,76,100,3.83,overcast clouds,2022-06-28 03:51:31
257,Ponta Do Sol,PT,32.6667,-17.1,67.01,65,19,7.38,few clouds,2022-06-28 03:51:31
258,Opuwo,NA,-18.0607,13.84,52.34,52,3,11.3,clear sky,2022-06-28 03:51:32
259,Rambha,IN,19.5167,85.1,89.83,61,67,4.54,broken clouds,2022-06-28 03:51:32
260,Yellowknife,CA,62.456,-114.3525,61.32,44,20,9.22,few clouds,2022-06-28 03:51:32
261,Ipixuna,BR,-1.7625,-48.8043,76.01,84,97,1.5,overcast clouds,2022-06-28 03:51:33
262,Carnot,CF,4.9409,15.8665,68.11,98,100,2.48,overcast clouds,2022-06-28 03:51:33
263,Terekli-Mekteb,RU,44.1671,45.8698,74.75,65,100,7.67,light rain,2022-06-28 03:51:33
264,Thunder Bay,CA,48.4001,-89.3168,66.18,63,75,9.22,broken clouds,2022-06-28 03:50:31
265,Jiangkou,CN,25.4872,119.1986,89.44,62,91,13.11,overcast clouds,2022-06-28 03:51:34
266,Kepno,PL,51.2784,17.9891,66.63,93,100,9.6,overcast clouds,2022-06-28 03:51:34
267,Port Hardy,CA,50.6996,-127.4199,68.18,56,75,2.3,broken clouds,2022-06-28 03:51:35
268,Kruisfontein,ZA,-34.0033,24.7314,53.58,45,0,7.54,clear sky,2022-06-28 03:51:35
269,Am Timan,TD,11.0297,20.2827,74.07,83,100,4.12,overcast clouds,2022-06-28 03:51:35
270,Salym,RU,60.0625,71.4789,52.48,67,99,7.25,overcast clouds,2022-06-28 03:51:36
271,Coihaique,CL,-45.5752,-72.0662,39.81,93,100,4.61,light rain,2022-06-28 03:46:54
272,Lebu,CL,-37.6167,-73.65,53.65,90,99,18.07,heavy intensity rain,2022-06-28 03:47:49
273,Ahuimanu,US,21.4447,-157.8378,83.91,68,75,21.85,broken clouds,2022-06-28 03:51:36
274,Grand-Santi,GF,4.25,-54.3833,72.37,100,100,2.48,overcast clouds,2022-06-28 03:51:37
275,Madera,US,37.1666,-119.8343,96.89,13,0,8.39,clear sky,2022-06-28 03:50:50
276,Nador,MA,35.174,-2.9287,62.85,59,0,2.3,clear sky,2022-06-28 03:51:37
277,San Pedro,PH,14.35,121.0167,80.31,91,100,4.61,light rain,2022-06-28 03:51:37
278,Denpasar,ID,-8.65,115.2167,83.86,70,20,14.97,few clouds,2022-06-28 03:49:48
279,Lakatoro,VU,-16.0999,167.4164,81.79,79,39,12.57,scattered clouds,2022-06-28 03:51:38
280,Myitkyina,MM,25.3833,97.4,74.46,100,100,0.63,overcast clouds,2022-06-28 03:51:38
281,Tura,IN,25.5198,90.2201,74.19,97,100,6.4,moderate rain,2022-06-28 03:51:39
282,Buckeye,US,33.3703,-112.5838,99.37,30,3,7.96,clear sky,2022-06-28 03:50:07
283,Hanyang,CN,32.1371,105.5126,86.81,45,4,3.87,clear sky,2022-06-28 03:51:39
284,Korla,CN,41.7597,86.1469,94.91,16,5,13.22,clear sky,2022-06-28 03:51:39
285,Carndonagh,IE,55.25,-7.2667,54.5,96,100,13.13,overcast clouds,2022-06-28 03:51:40
286,Karratha,AU,-20.7377,116.8463,75.74,27,0,19.1,clear sky,2022-06-28 03:51:40
287,Daru,PG,-9.0763,143.2092,78.96,90,100,13.22,overcast clouds,2022-06-28 03:51:40
288,Linhares,BR,-19.3911,-40.0722,64.18,76,88,2.84,overcast clouds,2022-06-28 03:50:15
289,Tete,MZ,-16.1564,33.5867,62.69,100,75,0.0,broken clouds,2022-06-28 03:51:41
290,Puerto Leguizamo,CO,-0.1934,-74.7819,69.57,90,15,0.94,few clouds,2022-06-28 03:51:41
291,Walvis Bay,NA,-22.9575,14.5053,75.09,28,0,23.02,clear sky,2022-06-28 03:51:42
292,Cap Malheureux,MU,-19.9842,57.6142,67.46,71,72,1.99,broken clouds,2022-06-28 03:51:42
293,Bassila,BJ,9.0081,1.6654,71.08,96,91,3.87,overcast clouds,2022-06-28 03:51:42
294,Atbasar,KZ,51.8,68.3333,62.51,53,1,10.85,clear sky,2022-06-28 03:51:43
295,Tessalit,ML,20.1986,1.0114,91.98,24,69,5.93,broken clouds,2022-06-28 03:51:43
296,Paamiut,GL,61.994,-49.6678,41.2,78,88,4.21,overcast clouds,2022-06-28 03:51:43
297,Hofn,IS,64.2539,-15.2082,49.55,91,76,8.68,broken clouds,2022-06-28 03:51:44
298,Srandakan,ID,-7.9386,110.2506,82.63,57,93,12.17,overcast clouds,2022-06-28 03:51:44
299,Wageningen,NL,51.9667,5.6667,54.1,94,8,2.3,clear sky,2022-06-28 03:51:44
300,Banamba,ML,13.55,-7.45,84.96,49,76,10.2,broken clouds,2022-06-28 03:51:45
301,Zarichne,UA,51.8126,26.129,69.3,76,91,2.66,overcast clouds,2022-06-28 03:51:45
302,Hobyo,SO,5.3505,48.5268,78.04,72,95,23.87,overcast clouds,2022-06-28 03:51:45
303,Papetoai,PF,-17.4961,-149.8729,81.55,69,0,16.44,clear sky,2022-06-28 03:51:46
304,Sezana,SI,45.7092,13.8733,73.17,52,0,1.99,clear sky,2022-06-28 03:51:46
305,Pitimbu,BR,-7.4706,-34.8086,73.99,81,94,16.53,overcast clouds,2022-06-28 03:51:46
306,Orlik,RU,52.5178,99.825,85.21,24,56,1.45,broken clouds,2022-06-28 03:51:47
307,Anloga,GH,5.7947,0.8973,78.04,87,78,8.46,broken clouds,2022-06-28 03:51:47
308,Naqadeh,IR,36.9553,45.388,69.89,37,0,2.28,clear sky,2022-06-28 03:51:47
309,Sovetskiy,RU,61.3614,63.5842,49.8,58,77,11.01,broken clouds,2022-06-28 03:51:48
310,Beringovskiy,RU,63.05,179.3167,52.23,74,89,16.13,overcast clouds,2022-06-28 03:51:48
311,Diego De Almagro,CL,-26.3667,-70.05,46.96,58,0,2.53,clear sky,2022-06-28 03:51:48
312,Akdepe,TM,42.0551,59.3788,91.49,20,1,15.55,clear sky,2022-06-28 03:51:49
313,Zhigansk,RU,66.7697,123.3711,53.91,39,90,18.25,overcast clouds,2022-06-28 03:51:49
314,Susanville,US,40.4163,-120.653,80.44,12,0,13.8,clear sky,2022-06-28 03:51:49
315,Bairiki,KI,1.3292,172.9752,84.2,79,75,11.5,light rain,2022-06-28 03:51:50
316,Cabedelo,BR,-6.9811,-34.8339,74.07,88,91,14.2,overcast clouds,2022-06-28 03:51:50
317,Lagoa,PT,39.05,-27.9833,64.18,78,9,9.15,clear sky,2022-06-28 03:51:50
318,Hereford,GB,52.0568,-2.7148,52.5,90,82,6.76,broken clouds,2022-06-28 03:51:51
319,Tomatlan,MX,19.9333,-105.25,78.21,88,94,1.97,overcast clouds,2022-06-28 03:51:51
320,Olinda,BR,-8.0089,-34.8553,74.93,83,75,6.91,broken clouds,2022-06-28 03:51:51
321,Bethel,US,41.3712,-73.414,68.36,91,0,0.0,clear sky,2022-06-28 03:49:36
322,Khandyga,RU,62.6667,135.6,72.93,75,95,8.84,light rain,2022-06-28 03:51:52
323,Mamou,GN,10.5,-12.0,66.34,94,80,1.14,moderate rain,2022-06-28 03:51:52
324,Tara,RU,56.8944,74.371,54.9,72,90,9.01,overcast clouds,2022-06-28 03:51:53
325,Genhe,CN,50.7833,121.5167,83.39,30,46,4.97,scattered clouds,2022-06-28 03:51:53
326,Husavik,IS,66.0449,-17.3389,46.92,94,99,5.61,overcast clouds,2022-06-28 03:51:53
327,Tadine,NC,-21.55,167.8833,77.02,75,100,7.38,overcast clouds,2022-06-28 03:51:54
328,Dunedin,NZ,-45.8742,170.5036,48.79,81,78,7.0,broken clouds,2022-06-28 03:51:54
329,Bitung,ID,1.4451,125.1824,85.05,75,81,3.69,moderate rain,2022-06-28 03:51:54
330,Constitucion,CL,-35.3333,-72.4167,52.86,88,50,15.01,scattered clouds,2022-06-28 03:48:13
331,La Rioja,ES,42.25,-2.5,40.78,92,45,5.21,scattered clouds,2022-06-28 03:51:55
332,Goderich,CA,43.7501,-81.7165,58.91,80,3,6.69,clear sky,2022-06-28 03:51:55
333,Westerland,DE,54.9079,8.3033,58.95,94,100,9.22,overcast clouds,2022-06-28 03:48:57
334,Maues,BR,-3.3836,-57.7186,76.01,85,99,2.91,overcast clouds,2022-06-28 03:49:46
335,Naze,JP,28.3667,129.4833,85.12,78,100,15.57,overcast clouds,2022-06-28 03:51:56
336,Sangin,AF,32.0728,64.8359,97.95,8,0,3.27,clear sky,2022-06-28 03:51:56
337,Deer Lake,CA,49.1667,-57.4316,62.46,77,0,6.91,clear sky,2022-06-28 03:51:56
338,Keuruu,FI,62.2667,24.7,67.8,64,46,5.19,scattered clouds,2022-06-28 03:51:57
339,Skeldon,GY,5.8833,-57.1333,73.83,96,99,3.78,light rain,2022-06-28 03:51:57
340,Umm Lajj,SA,25.0213,37.2685,82.18,68,0,6.35,clear sky,2022-06-28 03:51:57
341,Esperance,AU,-33.8667,121.9,59.29,64,60,16.02,broken clouds,2022-06-28 03:51:58
342,Almaznyy,RU,48.0448,40.045,66.24,54,100,7.78,overcast clouds,2022-06-28 03:51:58
343,Komsomolskiy,UZ,40.4272,71.7189,92.12,24,0,9.22,clear sky,2022-06-28 03:51:59
344,Wakkanai,JP,45.4094,141.6739,64.38,88,75,3.44,broken clouds,2022-06-28 03:51:59
345,Gat,IL,31.61,34.7642,73.4,100,0,3.51,clear sky,2022-06-28 03:47:03
346,Flinders,AU,-34.5833,150.8552,62.38,60,76,4.0,broken clouds,2022-06-28 03:51:59
347,Keti Bandar,PK,24.1447,67.4497,87.73,70,8,3.91,clear sky,2022-06-28 03:52:00
348,Choix,MX,26.7092,-108.3219,75.72,81,100,6.4,overcast clouds,2022-06-28 03:52:00
349,La Ronge,CA,55.1001,-105.2842,59.25,41,75,5.75,broken clouds,2022-06-28 03:52:01
350,Yatou,CN,37.15,122.3833,74.64,94,100,14.47,moderate rain,2022-06-28 03:52:01
351,Mityana,UG,0.4175,32.0228,59.49,93,60,2.57,broken clouds,2022-06-28 03:52:01
352,Saint Anthony,US,45.0205,-93.218,73.29,60,0,3.44,clear sky,2022-06-28 03:52:02
353,Koster,ZA,-25.863,26.8976,38.64,82,0,6.4,clear sky,2022-06-28 03:52:02
354,Bukama,CD,-9.2,25.85,62.2,57,4,1.83,clear sky,2022-06-28 03:52:03
355,Praia,CV,14.9215,-23.5087,73.94,78,20,13.8,few clouds,2022-06-28 03:52:03
356,Iqaluit,CA,63.7506,-68.5145,38.93,86,75,3.44,broken clouds,2022-06-28 03:52:03
357,Vanavara,RU,60.34,102.2797,80.02,47,95,3.29,overcast clouds,2022-06-28 03:52:04
358,Bambous Virieux,MU,-20.3428,57.7575,70.05,60,40,17.27,scattered clouds,2022-06-28 03:52:04
359,Cururupu,BR,-1.8283,-44.8683,73.33,97,94,2.91,heavy intensity rain,2022-06-28 03:52:04
360,San Fernando,PH,15.0286,120.6898,87.53,63,100,9.33,overcast clouds,2022-06-28 03:52:05
361,Berezniki,RU,59.4152,56.8124,42.12,76,97,11.1,overcast clouds,2022-06-28 03:52:05
362,Camacha,PT,33.0833,-16.3333,62.02,72,40,14.97,scattered clouds,2022-06-28 03:52:05
363,Abha,SA,18.2164,42.5053,69.62,32,87,0.0,overcast clouds,2022-06-28 03:52:06
364,Rockland,US,41.1668,-74.0496,69.44,89,43,6.29,scattered clouds,2022-06-28 03:52:06
365,Comodoro Rivadavia,AR,-45.8667,-67.5,48.06,53,0,8.05,clear sky,2022-06-28 03:52:07
366,Taltal,CL,-25.4,-70.4833,59.49,62,29,4.09,scattered clouds,2022-06-28 03:47:08
367,Vao,NC,-22.6667,167.4833,72.43,82,100,11.34,light rain,2022-06-28 03:52:07
368,Kaspiysk,RU,42.8816,47.6392,80.78,57,0,29.08,clear sky,2022-06-28 03:52:07
369,Mitsamiouli,KM,-11.3847,43.2844,77.29,65,20,28.77,few clouds,2022-06-28 03:52:08
370,Oistins,BB,13.0667,-59.5333,80.69,83,75,25.32,broken clouds,2022-06-28 03:52:08
371,Pangody,RU,65.85,74.4859,50.67,91,100,22.93,light rain,2022-06-28 03:52:08
372,Liku,ID,-0.7275,119.8922,86.92,64,90,2.53,light rain,2022-06-28 03:52:09
373,Maarianhamina,AX,60.0973,19.9348,71.46,83,0,3.44,clear sky,2022-06-28 03:52:09
374,Micheweni,TZ,-4.9667,39.8333,77.07,72,3,16.71,clear sky,2022-06-28 03:52:10
375,Kemerovo,RU,55.3333,86.0833,62.29,77,75,15.99,broken clouds,2022-06-28 03:52:10
376,Villamaria,CO,5.0449,-75.5146,59.47,96,82,3.53,broken clouds,2022-06-28 03:52:10
377,Kuching,MY,1.55,110.3333,88.02,74,40,6.91,scattered clouds,2022-06-28 03:52:11
378,Brigantine,US,39.4101,-74.3646,73.6,96,100,3.44,overcast clouds,2022-06-28 03:52:11
379,Pecos,US,31.4229,-103.4932,83.23,47,0,13.8,clear sky,2022-06-28 03:52:11
380,Sao Filipe,CV,14.8961,-24.4956,73.94,80,28,8.95,scattered clouds,2022-06-28 03:52:12
381,Sungai Besar,MY,3.6746,100.9867,87.39,63,45,3.78,scattered clouds,2022-06-28 03:52:12
382,Atar,MR,20.5169,-13.0499,85.82,19,6,10.92,clear sky,2022-06-28 03:52:13
383,Anchorage,US,61.2181,-149.9003,69.66,60,0,15.01,clear sky,2022-06-28 03:49:22
384,Chuy,UY,-33.6971,-53.4616,51.13,90,100,4.38,light rain,2022-06-28 03:52:13
385,Syracuse,IT,37.0881,15.2792,82.31,45,0,3.94,clear sky,2022-06-28 03:52:13
386,Laguna,US,38.421,-121.4238,87.94,37,0,11.5,clear sky,2022-06-28 03:52:14
387,Imbituba,BR,-28.24,-48.6703,62.85,99,89,10.38,overcast clouds,2022-06-28 03:52:14
388,Hay River,CA,60.8156,-115.7999,62.58,48,20,9.22,few clouds,2022-06-28 03:52:14
389,Nizhniy Tsasuchey,RU,50.5167,115.1333,88.32,29,2,7.76,clear sky,2022-06-28 03:52:15
390,Bandar-E Lengeh,IR,26.5579,54.8807,91.51,70,27,9.22,haze,2022-06-28 03:52:15
391,Kendari,ID,-3.945,122.4989,77.07,94,94,4.88,moderate rain,2022-06-28 03:52:15
392,Sukhobezvodnoye,RU,57.0491,44.8891,54.77,60,10,8.46,clear sky,2022-06-28 03:52:16
393,Fuerte Olimpo,PY,-21.0415,-57.8738,63.95,65,16,3.6,few clouds,2022-06-28 03:52:16
394,Chifeng,CN,42.2683,118.9636,72.12,67,100,11.34,overcast clouds,2022-06-28 03:52:16
395,Gairo,IT,39.8497,9.5047,73.17,36,40,3.29,light rain,2022-06-28 03:52:17
396,Lichuan,CN,30.3,108.85,81.55,55,76,3.44,broken clouds,2022-06-28 03:52:17
397,Yucca Valley,US,34.1142,-116.4322,93.72,37,1,11.01,clear sky,2022-06-28 03:49:20
398,Kushima,JP,31.4583,131.2333,85.28,72,100,10.04,overcast clouds,2022-06-28 03:52:18
399,Salamiyah,SY,35.0113,37.0532,71.53,52,0,3.53,clear sky,2022-06-28 03:52:18
400,Kudahuvadhoo,MV,2.6708,72.8944,83.26,71,100,9.71,overcast clouds,2022-06-28 03:52:18
401,Novobirilyussy,RU,56.9514,90.6661,66.81,55,86,15.32,overcast clouds,2022-06-28 03:52:19
402,Moerai,PF,-22.4333,-151.3333,74.21,76,100,26.51,overcast clouds,2022-06-28 03:52:19
403,Malatya,TR,38.5,38.0,55.45,77,0,1.14,clear sky,2022-06-28 03:52:19
404,Zyryanka,RU,65.75,150.85,74.93,41,81,10.22,broken clouds,2022-06-28 03:52:20
405,Kidal,ML,18.4411,1.4078,88.54,30,17,2.57,few clouds,2022-06-28 03:52:20
406,Rawson,AR,-43.3002,-65.1023,45.86,65,100,8.28,overcast clouds,2022-06-28 03:47:30
407,Yerbogachen,RU,61.2767,108.0108,76.93,50,67,13.13,broken clouds,2022-06-28 03:52:21
408,Caravelas,BR,-17.7125,-39.2481,68.02,66,8,7.99,clear sky,2022-06-28 03:52:21
409,Savannah Bight,HN,16.45,-85.85,81.88,78,14,15.7,few clouds,2022-06-28 03:52:21
410,Christchurch,NZ,-43.5333,172.6333,46.42,86,75,6.91,broken clouds,2022-06-28 03:47:38
411,Urusha,RU,54.05,122.9,78.75,46,81,1.99,broken clouds,2022-06-28 03:52:22
412,Totskoye,RU,52.5248,52.7623,62.73,78,78,14.09,broken clouds,2022-06-28 03:52:22
413,Muros,ES,42.7762,-9.0603,48.83,92,2,4.41,clear sky,2022-06-28 03:52:22
414,Dumas,US,35.8656,-101.9732,66.54,52,75,8.05,broken clouds,2022-06-28 03:52:23
415,Bani Walid,LY,31.7566,13.9942,80.01,29,84,4.27,broken clouds,2022-06-28 03:52:23
416,Fairbanks,US,64.8378,-147.7164,79.61,38,0,13.8,smoke,2022-06-28 03:52:24
417,Gambela,ET,8.25,34.5833,70.7,91,100,2.28,overcast clouds,2022-06-28 03:52:24
418,Atambua,ID,-9.1061,124.8925,82.42,55,72,4.52,broken clouds,2022-06-28 03:52:24
419,Mirzapur,IN,25.15,82.5833,93.16,43,96,10.2,overcast clouds,2022-06-28 03:52:25
420,Chumikan,RU,54.7183,135.315,53.06,78,35,9.17,scattered clouds,2022-06-28 03:52:25
421,Palasa,IN,18.7667,84.4167,90.12,59,76,1.45,broken clouds,2022-06-28 03:51:59
422,Isla Vista,US,34.4133,-119.861,88.34,59,0,0.0,clear sky,2022-06-28 03:52:25
423,Maxixe,MZ,-23.8597,35.3472,67.84,68,75,15.01,broken clouds,2022-06-28 03:52:26
424,Nuevo Imperial,PE,-13.0754,-76.3172,61.56,81,57,1.28,broken clouds,2022-06-28 03:52:26
425,Kalabo,ZM,-14.97,22.6814,48.63,85,1,6.4,clear sky,2022-06-28 03:52:27
426,Sampit,ID,-2.5333,112.95,81.3,87,89,2.3,overcast clouds,2022-06-28 03:52:27
427,Nuuk,GL,64.1835,-51.7216,43.88,75,96,15.99,overcast clouds,2022-06-28 03:52:27
428,Galle,LK,6.0367,80.217,81.93,80,98,13.67,overcast clouds,2022-06-28 03:52:28
429,Minab,IR,27.1467,57.0801,91.04,62,8,3.71,clear sky,2022-06-28 03:52:28
430,Algiers,DZ,36.7525,3.042,64.22,88,20,5.75,few clouds,2022-06-28 03:52:28
431,Taber,CA,49.8167,-112.1518,73.4,60,46,4.61,scattered clouds,2022-06-28 03:52:29
432,Kaihua,CN,23.3687,104.28,80.01,63,87,3.58,overcast clouds,2022-06-28 03:52:29
433,Griffith,US,41.5284,-87.4237,67.89,74,0,3.44,clear sky,2022-06-28 03:52:29
434,Port Hedland,AU,-20.3167,118.5667,78.85,25,0,20.71,clear sky,2022-06-28 03:52:30
435,Mafinga,TZ,-7.25,35.0667,56.26,73,3,3.91,clear sky,2022-06-28 03:52:30
436,Taldan,RU,53.6667,124.8,82.76,37,42,3.22,scattered clouds,2022-06-28 03:52:31
437,Okhotsk,RU,59.3833,143.3,52.95,83,40,12.64,scattered clouds,2022-06-28 03:52:31
438,Waingapu,ID,-9.6567,120.2641,83.68,64,96,13.65,overcast clouds,2022-06-28 03:52:31
439,Balkanabat,TM,39.5108,54.3671,82.11,60,0,6.78,clear sky,2022-06-28 03:52:32
440,Garissa,KE,-0.4536,39.6401,73.09,72,77,17.13,broken clouds,2022-06-28 03:52:32
441,Gallup,US,35.5281,-108.7426,72.36,59,0,9.22,clear sky,2022-06-28 03:52:32
442,Sao Jose Da Coroa Grande,BR,-8.8978,-35.1478,74.98,84,29,10.67,scattered clouds,2022-06-28 03:52:33
443,Grindavik,IS,63.8424,-22.4338,49.95,100,0,4.61,clear sky,2022-06-28 03:52:33
444,Talnakh,RU,69.4865,88.3972,63.21,34,22,3.62,few clouds,2022-06-28 03:52:33
445,Longyearbyen,SJ,78.2186,15.6401,45.28,79,74,4.25,broken clouds,2022-06-28 03:52:34
446,Tuy Hoa,VN,13.0833,109.3,94.42,51,74,7.0,broken clouds,2022-06-28 03:50:54
447,College,US,64.8569,-147.8028,79.59,39,40,13.8,smoke,2022-06-28 03:52:34
448,Jalu,LY,29.0331,21.5482,77.79,47,0,7.23,clear sky,2022-06-28 03:52:34
449,Qaqortoq,GL,60.7167,-46.0333,44.11,78,100,5.48,overcast clouds,2022-06-28 03:52:35
450,Copiapo,CL,-27.3667,-70.3333,49.69,77,0,2.37,clear sky,2022-06-28 03:52:35
451,Freeport,US,40.6576,-73.5832,73.02,83,20,3.44,mist,2022-06-28 03:52:36
452,Mecca,SA,21.4267,39.8261,91.67,17,13,5.53,few clouds,2022-06-28 03:49:07
453,Kitimat,CA,54.0524,-128.6534,84.58,56,100,1.1,overcast clouds,2022-06-28 03:52:36
454,Neryungri,RU,56.6709,124.6491,74.53,49,82,5.5,light rain,2022-06-28 03:52:36
455,Balkhash,KZ,46.844,74.9804,79.41,38,0,11.18,clear sky,2022-06-28 03:52:37
456,Muscat,OM,23.6139,58.5922,91.42,72,15,3.42,few clouds,2022-06-28 03:48:43
457,Kalmunai,LK,7.4167,81.8167,86.18,62,100,3.15,overcast clouds,2022-06-28 03:52:37
458,Alamosa,US,37.4695,-105.87,56.03,75,87,8.28,overcast clouds,2022-06-28 03:52:37
459,Thabazimbi,ZA,-24.5917,27.4116,43.21,84,0,4.05,clear sky,2022-06-28 03:52:38
460,Ust-Maya,RU,60.4167,134.5333,79.9,46,97,10.45,overcast clouds,2022-06-28 03:52:38
461,Clyde River,CA,70.4692,-68.5914,32.23,100,100,8.05,mist,2022-06-28 03:52:38
462,Turukhansk,RU,65.8167,87.9833,65.23,61,99,16.15,overcast clouds,2022-06-28 03:52:39
463,Zhezkazgan,KZ,47.8043,67.7144,75.18,29,0,8.95,clear sky,2022-06-28 03:52:39
464,Wajima,JP,37.4,136.9,90.28,58,75,14.97,broken clouds,2022-06-28 03:52:39
465,Katsuura,JP,35.1333,140.3,81.68,75,95,16.62,overcast clouds,2022-06-28 03:52:40
466,Tocopilla,CL,-22.092,-70.1979,64.8,63,98,13.04,overcast clouds,2022-06-28 03:52:40
467,San Jeronimo,PE,-11.9472,-75.2829,44.62,77,2,1.61,clear sky,2022-06-28 03:52:41
468,Warwick,US,41.7001,-71.4162,67.44,90,100,4.56,overcast clouds,2022-06-28 03:50:13
469,Seoul,KR,37.5683,126.9778,83.8,74,100,20.71,overcast clouds,2022-06-28 03:49:13
470,Sambava,MG,-14.2667,50.1667,70.92,78,96,15.12,light rain,2022-06-28 03:52:41
471,Trincomalee,LK,8.5711,81.2335,85.77,64,100,16.75,overcast clouds,2022-06-28 03:51:26
472,La Maddalena,IT,41.2142,9.4083,77.05,84,55,8.5,light rain,2022-06-28 03:52:42
473,Faya,SA,18.3851,42.4509,69.91,27,74,8.81,broken clouds,2022-06-28 03:52:42
474,Itarema,BR,-2.9248,-39.9167,77.65,83,26,14.88,scattered clouds,2022-06-28 03:52:42
475,Serebryansk,KZ,49.6925,83.2892,66.09,58,8,9.46,clear sky,2022-06-28 03:52:43
476,Trat,TH,12.5,102.5,90.82,66,62,8.84,broken clouds,2022-06-28 03:52:43
477,Adrar,MR,20.5022,-10.0711,85.28,15,4,15.57,clear sky,2022-06-28 03:52:43
478,Pacifica,US,37.6138,-122.4869,69.19,90,20,16.11,mist,2022-06-28 03:48:52
479,Bubaque,GW,11.2833,-15.8333,79.41,83,100,11.54,overcast clouds,2022-06-28 03:52:44
480,Kaeo,NZ,-35.1,173.7833,58.32,95,99,4.74,light rain,2022-06-28 03:52:44
481,Warkworth,NZ,-36.4,174.6667,62.91,81,100,6.04,overcast clouds,2022-06-28 03:52:44
482,Oussouye,SN,12.485,-16.5469,82.49,85,100,8.03,overcast clouds,2022-06-28 03:52:45
483,Kutum,SD,14.2,24.6667,77.04,46,86,1.81,overcast clouds,2022-06-28 03:52:45
484,Coahuayana,MX,18.7333,-103.6833,78.06,90,99,1.07,overcast clouds,2022-06-28 03:52:46
485,Kavieng,PG,-2.5744,150.7967,85.59,63,89,10.58,overcast clouds,2022-06-28 03:52:46
486,Zimovniki,RU,47.1483,42.4633,72.48,35,95,11.03,overcast clouds,2022-06-28 03:52:46
487,Yulara,AU,-25.2406,130.9889,61.43,32,100,11.83,overcast clouds,2022-06-28 03:52:47
488,Vardo,NO,70.3705,31.1107,49.98,81,75,6.91,broken clouds,2022-06-28 03:52:47
489,Ketchikan,US,55.3422,-131.6461,73.87,46,0,8.05,clear sky,2022-06-28 03:52:48
490,Alofi,NU,-19.0595,-169.9187,82.29,78,11,4.61,few clouds,2022-06-28 03:52:48
491,Iracoubo,GF,5.4802,-53.2011,74.77,93,100,8.57,overcast clouds,2022-06-28 03:52:48
492,Barroquinha,BR,-3.0189,-41.1361,72.63,96,20,3.71,few clouds,2022-06-28 03:52:48
493,Thinadhoo,MV,0.5333,72.9333,83.28,71,60,5.99,broken clouds,2022-06-28 03:52:49
494,Yar-Sale,RU,66.8333,70.8333,52.77,54,100,28.45,overcast clouds,2022-06-28 03:52:49
495,Kandrian,PG,-6.2167,149.55,84.7,67,93,7.78,light rain,2022-06-28 03:52:49
496,Tungor,RU,53.3808,142.9564,56.03,76,9,12.48,clear sky,2022-06-28 03:52:50
497,Huarmey,PE,-10.0681,-78.1522,62.82,86,81,8.25,broken clouds,2022-06-28 03:52:50
498,Lakes Entrance,AU,-37.8811,147.981,56.16,49,100,1.59,overcast clouds,2022-06-28 03:52:51
499,Angol,CL,-37.8,-72.7167,50.0,97,98,6.8,overcast clouds,2022-06-28 03:52:51
500,Plotnikovo,RU,55.0247,85.9436,61.14,75,99,14.14,overcast clouds,2022-06-28 03:52:51
501,Sulangan,PH,11.1373,123.7228,81.99,77,99,9.01,overcast clouds,2022-06-28 03:52:52
502,Pemba,MZ,-12.974,40.5178,68.7,82,20,9.22,few clouds,2022-06-28 03:52:52
503,Koryukivka,UA,51.7688,32.2481,72.34,82,14,5.88,few clouds,2022-06-28 03:52:52
504,Correntina,BR,-13.3433,-44.6367,60.3,61,0,4.23,clear sky,2022-06-28 03:52:53
505,Aksarka,RU,66.5606,67.7975,48.38,67,100,29.39,overcast clouds,2022-06-28 03:52:53
506,Escanaba,US,45.7453,-87.0646,60.76,77,0,10.36,clear sky,2022-06-28 03:52:30
507,Hirara,JP,24.8,125.2833,87.66,79,75,19.57,broken clouds,2022-06-28 03:52:53
508,Gayny,RU,60.3071,54.3241,40.41,87,97,9.44,light rain,2022-06-28 03:52:54
509,Bonavista,CA,48.6499,-53.1147,56.23,96,47,15.46,scattered clouds,2022-06-28 03:52:54
510,Bousso,TD,10.4795,16.7117,73.24,88,100,6.82,overcast clouds,2022-06-28 03:52:54
511,Mandalgovi,MN,45.7625,106.2708,74.89,33,31,1.81,scattered clouds,2022-06-28 03:52:55
512,Salcininkai,LT,54.3,25.3833,71.83,85,84,3.83,broken clouds,2022-06-28 03:52:55
513,Umkomaas,ZA,-30.2067,30.7978,52.68,58,0,6.4,clear sky,2022-06-28 03:52:55
514,Meadow Lake,US,34.8014,-106.5436,66.67,84,100,1.32,overcast clouds,2022-06-28 03:52:56
515,Kapit,MY,2.0167,112.9333,84.29,87,51,2.89,broken clouds,2022-06-28 03:52:56
516,Tigil,RU,57.8,158.6667,71.83,50,10,8.41,clear sky,2022-06-28 03:52:56
517,Fort-Shevchenko,KZ,44.5086,50.263,78.48,44,98,32.79,overcast clouds,2022-06-28 03:52:57
518,Havoysund,NO,70.9963,24.6622,64.63,74,81,11.14,broken clouds,2022-06-28 03:52:57
519,Zaritap,AM,39.6363,45.5096,65.59,57,0,1.68,clear sky,2022-06-28 03:52:57
520,Bloomfield,US,40.8068,-74.1854,71.65,89,40,0.0,scattered clouds,2022-06-28 03:52:05
521,Antsohihy,MG,-14.8796,47.9875,72.21,58,11,10.33,few clouds,2022-06-28 03:52:58
522,Lodja,CD,-3.4833,23.4333,69.21,49,87,2.3,overcast clouds,2022-06-28 03:52:58
523,Kastamonu,TR,41.5,33.6667,54.75,96,97,1.36,overcast clouds,2022-06-28 03:52:59
524,Solnechnyy,RU,50.7214,136.6319,77.9,56,67,6.73,light rain,2022-06-28 03:52:59
525,Maniitsoq,GL,65.4167,-52.9,41.7,92,100,13.44,light rain,2022-06-28 03:52:59
526,Asau,RO,46.4333,26.4,67.95,100,99,3.47,overcast clouds,2022-06-28 03:53:00
527,Novyy Urgal,RU,51.0736,132.5642,75.22,60,100,5.06,overcast clouds,2022-06-28 03:53:00
528,Dayong,CN,25.0209,118.2898,93.22,53,97,7.52,overcast clouds,2022-06-28 03:53:00
529,Umba,RU,66.6871,34.3429,48.61,72,0,5.44,clear sky,2022-06-28 03:53:01
530,Cruzeiro Do Sul,BR,-29.5128,-51.9853,63.09,94,72,3.85,broken clouds,2022-06-28 03:53:01
531,Inverell,AU,-29.7833,151.1167,62.11,45,5,11.01,clear sky,2022-06-28 03:53:01
532,Kudat,MY,6.8837,116.8477,84.29,79,20,7.0,few clouds,2022-06-28 03:53:02
533,Pandan,PH,14.0453,124.1694,83.07,76,100,12.26,heavy intensity rain,2022-06-28 03:53:02
534,Kargil,IN,34.5667,76.1,64.49,39,2,2.71,clear sky,2022-06-28 03:53:02
535,Cap-Aux-Meules,CA,47.3821,-61.8597,62.24,90,97,27.69,overcast clouds,2022-06-28 03:53:03
536,Yumen,CN,40.2833,97.2,91.24,12,15,4.41,few clouds,2022-06-28 03:53:03
537,Amberley,US,39.2048,-84.428,64.49,62,3,5.73,clear sky,2022-06-28 03:53:03
538,Guarapari,BR,-20.6667,-40.4975,64.89,79,30,4.5,scattered clouds,2022-06-28 03:53:04
539,Sembabule,UG,-0.0772,31.4567,60.35,79,47,6.31,scattered clouds,2022-06-28 03:53:04
540,Verkhnyaya Inta,RU,65.9811,60.3094,46.27,73,92,16.96,overcast clouds,2022-06-28 03:53:05
541,Whitehorse,CA,60.7161,-135.0538,72.1,56,75,3.44,broken clouds,2022-06-28 03:53:05
542,Pyay,MM,18.8167,95.2167,83.86,70,100,7.9,overcast clouds,2022-06-28 03:53:05
543,Linjiang,CN,41.8069,126.9078,73.69,96,100,4.74,overcast clouds,2022-06-28 03:53:06
544,Tautira,PF,-17.7333,-149.15,79.2,73,27,17.34,scattered clouds,2022-06-28 03:53:06
545,Khartoum,SD,15.5518,32.5324,79.29,58,83,15.46,light rain,2022-06-28 03:49:55
546,Sola,VU,-13.8833,167.55,81.27,83,100,4.61,overcast clouds,2022-06-28 03:53:06
547,Rio Gallegos,AR,-51.6226,-69.2181,41.05,65,0,8.05,clear sky,2022-06-28 03:53:07
548,Banes,CU,20.9625,-75.7186,75.04,89,99,1.14,overcast clouds,2022-06-28 03:53:07
549,Kaduy,RU,59.2,37.15,57.02,58,47,7.54,scattered clouds,2022-06-28 03:53:08
550,Zatoka,UA,46.0725,30.4654,72.55,71,30,9.28,scattered clouds,2022-06-28 03:53:08
551,Wanning,CN,18.8003,110.3967,90.25,64,19,13.0,few clouds,2022-06-28 03:53:08
552,Emba,KZ,48.8264,58.1442,70.11,41,0,6.51,clear sky,2022-06-28 03:53:09
553,Mitchellville,US,38.9251,-76.7428,74.62,77,0,8.05,clear sky,2022-06-28 03:50:09
554,Sao Felix Do Xingu,BR,-6.6447,-51.995,68.72,63,7,1.1,clear sky,2022-06-28 03:53:09
555,Zakamensk,RU,50.3741,103.2863,86.99,27,17,5.73,few clouds,2022-06-28 03:53:09
556,Wolfen,DE,51.6667,12.2833,64.47,90,93,5.5,overcast clouds,2022-06-28 03:53:10
557,Benjamin Constant,BR,-4.3831,-70.0311,73.53,96,81,2.51,broken clouds,2022-06-28 03:53:10
558,Zhangye,CN,38.9342,100.4517,88.43,14,2,4.14,clear sky,2022-06-28 03:53:11
559,Eastbourne,GB,50.7687,0.2845,58.39,86,12,1.01,few clouds,2022-06-28 03:53:11
560,Constantine,DZ,36.365,6.6147,69.21,60,20,8.05,few clouds,2022-06-28 03:53:11
561,Hovd,MN,48.0056,91.6419,84.96,18,78,4.09,broken clouds,2022-06-28 03:53:12
562,Vila,PT,42.0304,-8.1588,43.68,90,0,3.29,clear sky,2022-06-28 03:53:12
563,Maceio,BR,-9.6658,-35.7353,74.64,88,40,4.61,scattered clouds,2022-06-28 03:53:12
564,Yarada,IN,17.65,83.2667,84.52,74,75,5.75,broken clouds,2022-06-28 03:53:13
565,Mazagao,BR,-0.115,-51.2894,78.85,89,25,1.97,scattered clouds,2022-06-28 03:53:13
566,Mpika,ZM,-11.8343,31.4529,50.99,92,100,10.83,overcast clouds,2022-06-28 03:53:13
567,Wajir,KE,1.7471,40.0573,71.56,73,0,0.0,clear sky,2022-06-28 03:53:14
568,Isangel,VU,-19.55,169.2667,84.31,84,75,4.61,broken clouds,2022-06-28 03:53:14
569,Panama City,PA,8.9936,-79.5197,76.28,94,75,2.3,drizzle,2022-06-28 03:53:14
570,Mareeba,AU,-17.0,145.4333,68.72,79,65,8.55,broken clouds,2022-06-28 03:53:15
571,Taixing,CN,32.1667,120.0136,95.34,45,100,20.85,overcast clouds,2022-06-28 03:53:15
572,Hailar,CN,49.2,119.7,85.59,28,0,7.2,clear sky,2022-06-28 03:53:16
573,Jilib,SO,0.4883,42.7854,71.91,93,90,4.92,light rain,2022-06-28 03:53:16
574,Tambopata,PE,-12.7333,-69.1833,67.42,78,0,1.3,clear sky,2022-06-28 03:53:16
575,Margate,GB,51.3813,1.3862,53.91,89,2,1.99,clear sky,2022-06-28 03:53:17
576,Khomutovo,RU,52.4658,104.4025,83.01,28,5,9.51,clear sky,2022-06-28 03:53:17
577,Pemangkat,ID,1.1667,108.9667,84.88,71,44,6.08,scattered clouds,2022-06-28 03:53:17
578,Milkovo,RU,54.7167,158.6167,77.16,36,0,2.37,clear sky,2022-06-28 03:53:18
579,Novopavlovka,RU,51.2172,109.2091,88.7,26,2,5.08,clear sky,2022-06-28 03:53:18
580,Morant Bay,JM,17.8815,-76.4093,82.02,83,66,6.13,broken clouds,2022-06-28 03:53:18
581,Batagay-Alyta,RU,67.8006,130.4114,37.58,89,100,6.06,overcast clouds,2022-06-28 03:53:19
582,Santa Lucia,ES,27.9117,-15.5407,61.92,68,75,23.02,broken clouds,2022-06-28 03:53:19
583,Hlukhiv,UA,51.6782,33.9162,71.74,84,0,6.78,clear sky,2022-06-28 03:53:20
584,Dicabisagan,PH,17.0818,122.4157,78.31,93,100,12.1,heavy intensity rain,2022-06-28 03:53:20
585,Kavaratti,IN,10.5669,72.642,81.95,80,100,21.14,overcast clouds,2022-06-28 03:53:20
586,Xinzhi,CN,36.4989,111.7047,88.29,30,12,17.45,few clouds,2022-06-28 03:53:21
587,Puerto Del Rosario,ES,28.5004,-13.8627,69.55,68,100,16.11,overcast clouds,2022-06-28 03:53:21
588,Aykhal,RU,66.0,111.5,53.44,42,95,12.66,overcast clouds,2022-06-28 03:53:21
589,Ilhabela,BR,-23.7781,-45.3581,64.51,87,33,6.78,scattered clouds,2022-06-28 03:53:22
590,Kokopo,PG,-4.352,152.2633,84.42,59,20,5.06,few clouds,2022-06-28 03:53:22
591,Charters Towers,AU,-20.1,146.2667,70.29,34,52,8.21,broken clouds,2022-06-28 03:53:22
592,Port Blair,IN,11.6667,92.75,86.04,74,40,6.91,scattered clouds,2022-06-28 03:53:23
593,Yantal,RU,56.8471,105.2542,86.5,42,84,5.93,broken clouds,2022-06-28 03:53:23
594,Mangai,CD,-4.05,19.5333,67.68,50,71,2.42,broken clouds,2022-06-28 03:53:24
595,Ilinskiy,RU,55.619,38.1182,73.78,73,0,7.0,clear sky,2022-06-28 03:53:24
596,Petatlan,MX,17.5167,-101.2667,78.21,91,97,2.57,overcast clouds,2022-06-28 03:53:24
597,Kinsale,IE,51.7075,-8.5306,57.24,100,75,21.85,broken clouds,2022-06-28 03:53:25
598,Mangrol,IN,21.1167,70.1167,85.06,73,96,12.75,overcast clouds,2022-06-28 03:53:25
599,Alexandria,EG,31.2156,29.9553,75.16,73,40,10.36,scattered clouds,2022-06-28 03:52:15
600,Kichera,RU,55.9375,110.0997,78.98,51,58,6.13,broken clouds,2022-06-28 03:53:25
601,Coquimbo,CL,-29.9533,-71.3436,53.33,82,0,3.44,clear sky,2022-06-28 03:53:26
602,North Bend,US,43.4065,-124.2243,58.91,91,100,6.91,overcast clouds,2022-06-28 03:53:26
603,Lashio,MM,22.9333,97.75,75.63,82,100,1.19,overcast clouds,2022-06-28 03:53:26
604,Villa Guerrero,MX,18.8667,-99.65,65.26,91,99,3.62,overcast clouds,2022-06-28 03:53:27
605,Khash,IR,28.2211,61.2158,88.72,27,0,1.81,clear sky,2022-06-28 03:53:27
606,Magdalena,PH,14.1999,121.429,84.54,76,100,4.76,overcast clouds,2022-06-28 03:53:27
607,Jackson,US,42.4165,-122.8345,81.55,43,0,0.69,clear sky,2022-06-28 03:53:28
608,Luangwa,ZM,-15.6167,30.4167,61.81,70,64,8.23,broken clouds,2022-06-28 03:53:28
609,Mindelo,CV,16.8901,-24.9804,72.95,73,20,16.11,few clouds,2022-06-28 03:53:28
610,Santiago De Cao,PE,-7.9589,-79.2392,60.93,88,100,10.36,mist,2022-06-28 03:53:29
611,Saint-Augustin,CA,51.226,-58.6502,55.94,94,62,17.96,broken clouds,2022-06-28 03:53:29
612,Ukiah,US,39.1502,-123.2078,66.36,59,0,4.79,clear sky,2022-06-28 03:53:29
613,Bemidji,US,47.4736,-94.8803,62.56,75,2,7.96,clear sky,2022-06-28 03:53:30
614,Ugoofaaru,MV,5.6667,73.0,82.63,77,95,12.59,overcast clouds,2022-06-28 03:53:30
615,Sao Joao Da Barra,BR,-21.6403,-41.0511,63.64,71,13,5.21,few clouds,2022-06-28 03:53:30
616,El Alto,PE,-4.2714,-81.2147,61.77,87,24,13.42,few clouds,2022-06-28 03:53:31
617,Khingansk,RU,49.1167,131.1833,75.76,48,89,8.34,overcast clouds,2022-06-28 03:53:31
618,Khakhea,BW,-24.6895,23.494,48.94,84,6,7.78,clear sky,2022-06-28 03:53:31
619,Acushnet,US,41.6807,-70.9078,67.28,95,100,4.81,light rain,2022-06-28 03:53:32
620,Pangoa,PE,-12.1167,-73.0,65.07,84,0,2.89,clear sky,2022-06-28 03:53:32
621,Trunovskoye,RU,45.4878,42.1358,63.9,76,100,6.33,light rain,2022-06-28 03:53:33
622,Great Falls,US,47.5002,-111.3008,73.85,33,0,5.75,clear sky,2022-06-28 03:53:33
623,Oak Ridge,US,36.0104,-84.2696,72.14,67,81,5.82,broken clouds,2022-06-28 03:53:33
624,Aktau,KZ,43.65,51.2,84.78,40,14,15.88,light rain,2022-06-28 03:53:34
625,Muslyumovo,RU,55.3033,53.1947,48.96,72,0,13.2,clear sky,2022-06-28 03:53:34
626,Shangzhi,CN,45.2167,127.9667,65.79,98,100,10.2,overcast clouds,2022-06-28 03:53:34
627,Bathsheba,BB,13.2167,-59.5167,81.21,83,75,25.32,broken clouds,2022-06-28 03:53:35
628,Tazmalt,DZ,36.3868,4.3989,67.14,65,46,1.32,scattered clouds,2022-06-28 03:53:35
629,Villamontes,BO,-21.25,-63.5,56.44,88,4,1.12,clear sky,2022-06-28 03:53:35
630,Bindura,ZW,-17.3019,31.3306,47.88,80,15,5.23,few clouds,2022-06-28 03:53:36
631,Guapi,CO,2.5708,-77.8854,73.51,96,95,4.5,moderate rain,2022-06-28 03:53:36
632,Kirakira,SB,-10.4544,161.9205,79.66,81,100,7.25,overcast clouds,2022-06-28 03:53:36
633,Baker City,US,44.7749,-117.8344,73.44,28,6,4.85,clear sky,2022-06-28 03:53:37
634,Dauriya,RU,49.9333,116.8667,86.32,25,1,5.64,clear sky,2022-06-28 03:53:37
635,Leshukonskoye,RU,64.8989,45.7622,46.58,56,32,11.3,scattered clouds,2022-06-28 03:53:37
636,Sobolevo,RU,54.4299,31.8996,70.56,87,36,5.41,scattered clouds,2022-06-28 03:53:38
637,Toppenish,US,46.3774,-120.3087,87.8,30,1,3.65,clear sky,2022-06-28 03:53:38
638,Sironj,IN,24.1,77.7,89.6,57,94,11.9,overcast clouds,2022-06-28 03:53:38
639,Grande Riviere Du Nord,HT,19.5833,-72.1833,76.28,83,100,1.23,overcast clouds,2022-06-28 03:53:39
640,Wilmington,US,34.2257,-77.9447,80.85,71,75,5.75,broken clouds,2022-06-28 03:51:00
641,Katobu,ID,-4.9408,122.5276,77.36,91,93,7.11,moderate rain,2022-06-28 03:53:39
642,Saint-Georges,GD,12.0564,-61.7485,78.48,89,20,13.8,few clouds,2022-06-28 03:51:18
643,Sibu,MY,2.3,111.8167,86.31,70,40,3.44,scattered clouds,2022-06-28 03:53:40
644,Kahului,US,20.8947,-156.47,84.22,62,20,20.71,few clouds,2022-06-28 03:53:40
645,Sur,OM,22.5667,59.5289,91.0,58,30,7.07,scattered clouds,2022-06-28 03:53:40
646,Chodavaram,IN,17.8333,82.95,84.04,54,99,7.23,overcast clouds,2022-06-28 03:53:41
647,Conway,US,35.0887,-92.4421,74.79,75,40,0.0,scattered clouds,2022-06-28 03:53:41
648,Ostrovnoy,RU,68.0531,39.5131,42.93,76,5,4.21,clear sky,2022-06-28 03:53:41
649,Honningsvag,NO,70.9821,25.9704,64.15,63,84,24.16,broken clouds,2022-06-28 03:53:42
650,Marakkanam,IN,12.2,79.95,90.5,50,86,4.34,overcast clouds,2022-06-28 03:53:42
651,Akyab,MM,20.15,92.9,82.49,79,99,10.98,overcast clouds,2022-06-28 03:53:42
652,Fujin,CN,47.26,132.0322,75.7,64,100,6.26,overcast clouds,2022-06-28 03:53:43
653,Khilok,RU,51.3674,110.4676,87.76,25,0,4.25,clear sky,2022-06-28 03:53:43
654,Talara,PE,-4.5772,-81.2719,63.55,88,5,16.46,clear sky,2022-06-28 03:53:44
655,Morgan City,US,29.6994,-91.2068,77.0,87,95,3.02,overcast clouds,2022-06-28 03:53:44
656,Avera,US,33.194,-82.5271,80.11,88,100,5.17,overcast clouds,2022-06-28 03:53:44
657,Oriximina,BR,-1.7656,-55.8661,74.01,93,86,3.98,overcast clouds,2022-06-28 03:53:45
658,Nikolsk,RU,53.7189,46.0712,62.42,87,7,10.04,clear sky,2022-06-28 03:53:45
659,Malanje,AO,-9.5402,16.341,55.9,55,9,6.2,clear sky,2022-06-28 03:53:45
660,Cam Ranh,VN,11.9214,109.1591,90.1,58,100,5.12,overcast clouds,2022-06-28 03:53:46
661,Kirkkonummi,FI,60.1238,24.4385,76.78,78,21,6.51,few clouds,2022-06-28 03:53:46
662,Bhadasar,IN,28.2833,74.3167,96.73,41,96,17.74,overcast clouds,2022-06-28 03:53:46
663,Taoudenni,ML,22.6783,-3.9836,95.43,9,1,13.2,clear sky,2022-06-28 03:53:47
664,Pomabamba,PE,-8.8333,-77.4667,45.54,84,4,0.74,clear sky,2022-06-28 03:53:47
665,Tumen,CN,42.9661,129.8425,68.32,98,100,1.12,moderate rain,2022-06-28 03:53:47
666,Zapolyarnyy,RU,69.4154,30.8136,60.08,57,2,11.88,clear sky,2022-06-28 03:53:48
667,Kiunga,PG,-6.1219,141.2906,87.55,61,90,1.68,moderate rain,2022-06-28 03:53:48
668,Mnogovershinnyy,RU,53.9353,139.9242,72.37,48,5,4.54,clear sky,2022-06-28 03:53:48
669,Tukrah,LY,32.5341,20.5791,76.44,66,0,6.67,clear sky,2022-06-28 03:53:49
670,Hearst,CA,49.6835,-83.6665,57.45,63,11,10.89,few clouds,2022-06-28 03:53:49
671,Lobatse,BW,-25.2167,25.6667,42.76,82,0,5.14,clear sky,2022-06-28 03:53:49
672,Iisalmi,FI,63.5592,27.1907,54.77,90,99,8.46,moderate rain,2022-06-28 03:53:50
673,Ponazyrevo,RU,58.3578,46.3142,51.1,56,3,9.17,clear sky,2022-06-28 03:53:50
674,Roald,NO,62.5833,6.1333,60.17,94,75,3.44,light rain,2022-06-28 03:53:50
675,Miranda,CO,3.2499,-76.2281,68.13,94,63,3.33,broken clouds,2022-06-28 03:53:51
676,Havre-Saint-Pierre,CA,50.2334,-63.5986,59.36,100,100,9.22,fog,2022-06-28 03:53:51
677,Smolensk,RU,55.0,33.0,71.47,76,33,4.85,scattered clouds,2022-06-28 03:53:52
678,Puerto De La Cruz,ES,28.414,-16.5487,71.38,89,76,1.99,broken clouds,2022-06-28 03:53:52
679,Bogorodskoye,RU,56.55,37.8833,62.65,63,7,9.48,clear sky,2022-06-28 03:53:52
680,Palafrugell,ES,41.9174,3.1631,68.27,19,73,8.21,broken clouds,2022-06-28 03:52:14
681,Unity,CA,52.4501,-109.1682,56.25,83,63,5.5,broken clouds,2022-06-28 03:53:53
682,La Cruz,MX,23.9167,-106.9,82.0,76,84,9.82,broken clouds,2022-06-28 03:53:53
683,Osorno,CL,-40.5667,-73.15,50.31,81,100,13.8,overcast clouds,2022-06-28 03:53:54
684,Springdale,US,36.1867,-94.1288,69.28,74,27,5.12,scattered clouds,2022-06-28 03:53:54
685,Vagay,RU,57.9375,69.0217,51.08,87,99,3.02,overcast clouds,2022-06-28 03:53:54
686,Vestmannaeyjar,IS,63.4427,-20.2734,49.98,89,100,8.88,overcast clouds,2022-06-28 03:53:55
687,Ranau,MY,5.9538,116.6641,85.19,60,48,0.78,scattered clouds,2022-06-28 03:53:55
688,Ohara,JP,35.25,140.3833,82.17,73,96,16.31,overcast clouds,2022-06-28 03:53:55
689,Ancud,CL,-41.8697,-73.8203,50.23,90,100,29.19,moderate rain,2022-06-28 03:53:56
690,Surt,LY,31.2089,16.5887,78.87,56,0,9.1,clear sky,2022-06-28 03:53:56
691,Ravar,IR,31.2656,56.8055,91.81,9,2,3.04,clear sky,2022-06-28 03:53:56
692,Semporna,MY,4.4818,118.6112,87.44,63,79,5.19,light rain,2022-06-28 03:53:57
693,Umea,SE,63.8284,20.2597,66.9,94,0,3.44,clear sky,2022-06-28 03:52:28
694,Verkhnevilyuysk,RU,63.4453,120.3167,65.41,42,94,4.25,overcast clouds,2022-06-28 03:53:57
695,Chegdomyn,RU,51.1167,133.0167,77.76,52,100,3.8,overcast clouds,2022-06-28 03:53:57
696,Longonjo,AO,-12.9067,15.2533,48.72,66,1,4.12,clear sky,2022-06-28 03:53:58
697,Doha,QA,25.2867,51.5333,93.18,47,15,13.8,few clouds,2022-06-28 03:51:17
698,Muborak,UZ,39.2553,65.1528,100.94,14,0,21.7,clear sky,2022-06-28 03:53:58
699,Kattivakkam,IN,13.2167,80.3167,86.09,74,93,7.23,overcast clouds,2022-06-28 03:53:59
700,Te Anau,NZ,-45.4167,167.7167,41.05,84,14,0.6,few clouds,2022-06-28 03:53:59
701,Mehran,IR,33.1222,46.1646,90.86,19,0,12.08,clear sky,2022-06-28 03:53:59
702,Azuaga,ES,38.2667,-5.6833,57.96,60,0,4.85,clear sky,2022-06-28 03:54:00
703,Penzance,GB,50.1186,-5.5371,57.88,84,83,26.37,broken clouds,2022-06-28 03:54:00
704,Lianran,CN,24.9227,102.485,64.94,90,100,2.04,overcast clouds,2022-06-28 03:54:00
705,Kieta,PG,-6.2167,155.6333,83.68,65,90,3.67,overcast clouds,2022-06-28 03:54:01
706,Nipawin,CA,53.3668,-104.0009,57.24,72,75,6.91,broken clouds,2022-06-28 03:54:01
